USER_ID,USERNAME,TASK_COMPLETED_STATUS,TASK_TITLE
USER_ID,USERNAME,TASK_COMPLETED_STATUS,TASK_TITLE
USER_ID,USERNAME,TASK_COMPLETED_STATUS,TASK_TITLE
USER_ID,USERNAME,TASK_COMPLETED_STATUS,TASK_TITLE
USER_ID,USERNAME,TASK_COMPLETED_STATUS,TASK_TITLE
USER_ID,USERNAME,TASK_COMPLETED_STATUS,TASK_TITLE
USER_ID,USERNAME,TASK_COMPLETED_STATUS,TASK_TITLE
USER_ID,USERNAME,TASK_COMPLETED_STATUS,TASK_TITLE
USER_ID,USERNAME,TASK_COMPLETED_STATUS,TASK_TITLE
USER_ID,USERNAME,TASK_COMPLETED_STATUS,TASK_TITLE
USER_ID,USERNAME,TASK_COMPLETED_STATUS,TASK_TITLE
USER_ID,USERNAME,TASK_COMPLETED_STATUS,TASK_TITLE
USER_ID,USERNAME,TASK_COMPLETED_STATUS,TASK_TITLE
USER_ID,USERNAME,TASK_COMPLETED_STATUS,TASK_TITLE
USER_ID,USERNAME,TASK_COMPLETED_STATUS,TASK_TITLE
USER_ID,USERNAME,TASK_COMPLETED_STATUS,TASK_TITLE
USER_ID,USERNAME,TASK_COMPLETED_STATUS,TASK_TITLE
USER_ID,USERNAME,TASK_COMPLETED_STATUS,TASK_TITLE
USER_ID,USERNAME,TASK_COMPLETED_STATUS,TASK_TITLE
USER_ID,USERNAME,TASK_COMPLETED_STATUS,TASK_TITLE
